TDSFU Daily run: Sun Oct 26 08:14:05 UTC 2025 TDSFU
TDSFU Daily run: Mon Oct 27 04:42:35 UTC 2025 TDSFU
TDSFU Daily run: Tue Oct 28 04:35:26 UTC 2025 TDSFU
TDSFU Daily run: Wed Oct 29 04:41:01 UTC 2025 TDSFU
TDSFU Daily run: Thu Oct 30 04:34:48 UTC 2025 TDSFU
TDSFU Daily run: Fri Oct 31 04:37:10 UTC 2025 TDSFU
TDSFU Daily run: Sat Nov  1 04:33:09 UTC 2025 TDSFU
TDSFU Daily run: Sun Nov  2 04:35:40 UTC 2025 TDSFU
TDSFU Daily run: Mon Nov  3 04:41:50 UTC 2025 TDSFU
TDSFU Daily run: Tue Nov  4 04:35:31 UTC 2025 TDSFU
TDSFU Daily run: Wed Nov  5 04:35:43 UTC 2025 TDSFU
TDSFU Daily run: Thu Nov  6 04:41:12 UTC 2025 TDSFU
